ID_REF,GSM119615,GSM119616,GSM119617,GSM119618,GSM119619,GSM119620,GSM119621,GSM119622,GSM119623,GSM119624,GSM119625,GSM119626,GSM119627,GSM238763,GSM238790,GSM238791,GSM238792,GSM238793,GSM238794,GSM238795,GSM238796,GSM238797,GSM238798
1552473_at,149.07991,234.66893,107.40279,412.50275,422.64365,283.1898,279.446,281.2634,339.08484,347.90588,202.72047,100.09492,317.4912,65.8023,139.033,66.7869,55.046,61.2821,69.1618,79.1177,69.4479,83.3843,44.6859
1553993_s_at,368.73853,1719.7719,1606.9012,3390.7053,561.81866,3330.5508,4135.594,3337.1008,2457.3198,4592.1387,1150.6812,5894.278,4211.9565,244.572,163.015,268.278,142.819,127.823,392.102,185.811,230.491,134.87,120.614
1558796_a_at,4013.2007,5153.696,6269.48,8107.7183,7142.6567,9297.53,6347.2554,7935.4395,5509.1475,7445.5356,3935.4932,3616.4126,4594.225,318.908,2600.06,1010.82,1004.83,807.583,462.043,1098.73,840.301,780.654,921.918
1559957_a_at,544.53064,2418.1633,1469.6001,1831.7887,1972.7904,2829.28,2480.962,1012.2643,2660.2043,3301.9583,927.8657,2898.3875,4273,339.496,599.215,373.607,538.38,423.837,314.261,610.707,157.515,468.987,327.097
1569872_a_at,3937.211,4871.4316,7967.437,8203.512,7210.548,8754.738,5551.5874,5005.1494,6616.12,4505.3657,3919.3967,3520.8354,4674.6284,1681.37,4036.54,1891.91,2080.29,1954.03,2031.01,1551.48,2114.87,1428.93,1253.41
200041_s_at,890.4994,1117.2362,1001.6142,1139.4541,2069.881,1712.2047,595.6045,1468.2644,999.2638,1513.2732,1283.5309,1008.59576,1326.9031,285.27,594.437,309.447,548.034,483.302,562.702,481.685,448.58,429.741,596.86
200918_s_at,506.14984,785.7939,356.4308,556.92554,1922.8186,590.1705,458.39032,924.5605,817.85223,732.3404,1057.0419,711.19556,992.34625,241.624,229.811,228.629,262.342,174.656,160.186,212.943,155.747,112.575,195.232
200966_x_at,2239.266,7232.5854,5166.223,6517.197,15897.386,8783.746,9485.166,14838.289,13793.477,16471.213,8760.644,19615.527,15667.279,1102.37,3770.4,627.53,693.457,819.159,1760.85,1299.95,494.169,736.527,1544.68
201168_x_at,206.37216,612.8677,411.91306,719.07965,683.11005,878.3787,370.18613,721.95386,549.6011,906.0539,456.2321,913.6715,749.34064,62.1269,141.434,35.4327,113.741,40.4006,112.141,82.1713,75.7031,33.2593,37.8748
201345_s_at,173.1305,360.32977,505.21527,574.3771,693.3894,702.2421,780.31134,761.3409,529.23474,1299.2163,416.92404,331.63226,1093.9185,212.194,142.701,91.7908,97.2141,126.628,120.449,119.187,135.939,97.7437,130.128
201613_s_at,1197.9834,2821.3857,1519.5145,3139.6724,1534.259,4976.8154,2592.6008,2240.1753,3837.7424,1633.4172,923.43555,1674.0457,1188.7333,261.535,772.81,443.431,255.061,331.037,235.885,253.77,257.19,227.588,254.466
201828_x_at,1983.8665,5467.6694,2802.7112,3454.126,6125.6636,6200.2656,4976.8315,9392.223,8280.783,10729.574,5568.616,5198.7837,8611.048,630.368,1378.25,612.182,929.347,537.338,877.79,944.646,642.81,510.711,705.444
202059_s_at,300.9753,1126.4473,923.4978,830.04553,704.6158,1853.6777,1306.9252,1741.4827,1496.5862,3713.4404,893.33295,2574.1797,1963.6613,155.541,159.114,200.462,268.461,232.867,224.205,219.567,275.142,237.988,336.493
202082_s_at,384.3302,220.29927,239.1147,240.25209,566.38245,155.77277,246.76378,224.6247,166.24869,141.9555,282.35648,212.97722,192.34442,656.399,363.684,721.462,947.742,675.28,851.697,921.929,858.812,1033.35,795.202
202102_s_at,565.9754,1555.1356,1560.7118,2157.656,2507.5383,1799.1125,1920.9121,2981.0847,2114.8254,2655.12,1789.9391,2516.7393,2338.526,808.377,439.314,469.232,686.558,680.535,830.605,723.595,551.843,628.906,484.033
202144_s_at,585.1403,830.1147,581.49615,767.8149,1731.3055,654.68195,759.5115,1197.1799,827.08606,1380.8578,967.47504,799.2579,778.7186,266.805,471.893,265.827,286.141,287.098,255.401,379.577,254.324,364.746,300.467
202452_at,227.51836,833.6974,658.5592,700.55194,944.4127,1145.3258,763.4248,789.6756,747.0738,713.4903,596.8993,859.31866,596.81665,195.227,186.874,312.706,339.285,333.277,318.644,219.2,175.802,209.6,197.584
202471_s_at,192.72765,576.2186,325.46613,655.9822,1334.7173,623.59424,887.56384,2008.8992,854.21497,2645.8271,1165.1412,1122.2333,1227.2144,128.117,284.981,103.578,115.745,109.614,154.079,179.956,120.286,79.5321,114.571
202732_at,683.03186,1131.1123,1519.4974,1753.7106,2024.0381,1503.5972,1147.7535,2165.107,1134.8358,1808.6936,1370.3878,999.6651,1466.1664,571.406,568.44,683.495,652.922,464.581,671.424,674.843,486.762,744.572,604.618
203036_s_at,30.700481,21.17835,36.61925,32.9221,45.260254,106.80431,23.718727,135.29982,57.41881,73.6976,12.815205,135.62727,49.973404,18.4645,8.05991,9.76835,5.83443,5.32574,7.01267,4.00311,6.98127,5.04178,5.94162
203114_at,69.78649,108.635796,22.690308,87.73789,66.2882,81.844574,19.176382,189.7493,94.8087,260.28638,116.731995,179.5464,149.70515,9.16377,3.42743,6.0794,2.14401,3.00352,9.59575,12.1836,5.1537,5.65592,3.52086
203190_at,362.2572,1171.8552,1012.88385,1441.0979,2281.178,2026.9587,1472.6366,3573.6086,1659.1045,3335.7922,1579.1313,1459.7858,1679.3234,373.213,348.887,202.125,259.366,247.86,498.521,389.439,254.888,305.927,247.937
203274_at,425.97086,1359.5343,436.57593,676.6576,2100.8013,1003.1489,880.3326,1660.5104,1660.8118,1788.1072,1349.4559,1364.6261,1528.6034,121.052,377.418,272.429,231.607,235.07,380.049,347.354,294.262,222.28,232.693
203619_s_at,884.375,3966.9878,1888.8723,2254.7092,3086.9893,3130.485,2113.0264,5990.1943,4522.218,5872.2837,3598.3555,3139.2874,6066.8975,307.3,397.313,257.425,666.953,693.188,1134.43,670.827,511.023,372.414,417.819
203645_s_at,21.15042,29.740185,15.777571,59.950886,25.84484,45.915424,72.77029,11.927686,22.193457,61.809956,61.849113,32.201664,71.98725,331.818,142.53,110.297,122.45,196.992,242.744,158.993,181.676,194.184,491.34
204230_s_at,518.6183,1315.7477,737.51056,770.31635,1780.0286,1960.6301,1243.1029,1702.7869,2038.3351,2293.58,1075.6512,2175.5823,2855.4736,244.253,327.329,207.957,337.413,290.301,349.516,388.052,186.253,321.322,276.845
204442_x_at,65.318695,197.29965,267.99487,358.20282,161.75232,433.94623,427.28543,246.19975,266.66165,222.12965,100.48443,257.1972,189.54518,23.9342,26.6155,26.9443,51.8927,59.9797,54.1008,43.8426,18.3751,30.1169,34.149
204454_at,879.2188,2729.1096,1541.5875,1746.1685,3670.6716,2233.9067,1932.679,4975.0366,5821.482,5367.0503,2922.5486,3919.8677,5041.263,499.47,1101.37,470.869,552.235,373.012,394.955,395.399,429.392,400.797,439.286
204497_at,703.55457,1149.2825,915.2305,964.53644,1668.6105,1379.524,937.1925,1034.0988,1812.853,1483.8187,919.3457,802.8389,1241.6732,264.858,641.988,508.132,401.342,492.709,524.716,509.247,535.582,421.252,453.965
204538_x_at,4679.724,8858.226,18596.066,19293.79,8618.945,22584.531,19811.572,17183.969,13310.793,12221.804,8353.113,18156.725,8839.711,1985.18,2896.66,2556.46,3989.36,4982.98,3851.69,2157.44,2692.11,3388.74,3471.68
204584_at,1599.6893,5865.3833,4906.077,6609.11,3996.4446,7435.812,7387.8213,6262.8047,7593.0903,7275.9966,4261.4062,6760.3057,7445.8906,1527.84,966.139,1415.92,1319.44,1260.07,1321.2,1488.03,795.868,1687.96,701.7
204805_s_at,213.95897,366.2338,584.5628,522.3992,806.5862,667.63855,421.2065,682.0844,425.94797,549.9344,549.46155,641.7679,483.2613,217.162,206.963,231.837,200.279,149.664,262.907,269.706,247.275,149.218,183.909
205090_s_at,525.3956,460.30826,767.299,928.1651,1352.2988,766.68604,1019.7536,1304.265,620.52325,799.33765,894.16187,501.0463,457.5436,343.368,333.434,124.123,136.325,272.661,192.43,239.018,140.664,222.154,137.766
205250_s_at,598.2905,745.96606,489.84506,538.41327,1442.5167,595.5543,523.2123,712.03455,732.5843,915.8882,537.82654,517.48676,385.27045,198.62,338.923,343.12,282.877,243.632,209.596,304.059,207.181,298.284,192.191
205493_s_at,621.50183,1657.5242,1312.1202,1767.5427,2765.3376,2457.5054,1181.9843,1969.3187,1634.5199,2698.8972,1464.1595,832.4796,1727.6257,373.88,584.084,545.299,335.461,341.701,595.124,374.292,281.496,433.166,354.943
205914_s_at,25.967518,331.28522,356.80704,642.9893,169.46767,945.31104,328.16977,501.1175,445.09732,713.1133,146.1944,978.0129,629.6157,14.6722,17.1962,7.34913,5.15124,3.6641,10.1287,12.8713,14.8473,5.64614,6.1958
206014_at,284.29886,863.0904,105.13313,561.0727,958.21826,1458.5856,69.764534,2103.708,1189.7684,2027.027,864.4755,1244.1694,780.02594,28.7025,314.487,12.8774,20.6303,25.1284,34.4237,27.4927,25.1374,23.4546,22.3074
206140_at,3174.8179,5051.2637,9677.391,9756.507,5385.1245,7684.472,8500.048,5201.008,6245.084,5923.1133,4526.3604,4729.7173,6454.6475,1298.97,1817.78,834.184,2536.5,1675.74,1194.29,1719.03,1936.9,1817.42,1864.72
206899_at,132.66718,168.16998,271.8069,327.03085,295.43286,38.754948,369.7693,196.99945,151.65784,100.18463,286.59396,163.50316,98.895355,8.10138,31.4788,6.8103,26.209,25.5508,7.83827,4.82374,21.3885,15.4642,30.327
207541_s_at,483.99506,838.53296,689.9277,1296.9088,1377.6938,931.09296,1163.8917,1542.6719,1208.5052,1005.39136,815.6092,960.0335,638.243,334.806,511.004,197.682,354.909,351.994,158.436,313.328,328.995,355.414,321.389
208336_s_at,236.16083,970.14124,1275.0856,1619.4012,1108.04,1715.7023,2141.6665,2105.962,1872.8423,2916.3054,884.0746,2630.9834,2489.3125,219.38,287.942,38.319,154.975,171.491,190.352,238.94,218.034,113.632,169.128
208723_at,1480.756,4758.213,2104.8022,2618.54,8586.6045,3263.5928,3380.4524,13143.167,8032.684,6803.249,7436.9185,5091.0938,6057.376,707.437,1607.34,642.772,1109.36,686.183,1292.68,668.772,513.245,679.056,626.526
208972_s_at,736.2345,1886.1788,1611.9772,2050.115,4739.079,4075.984,3706.7942,2817.498,3253.4663,3683.4841,1506.2811,2202.9634,3409.387,326.504,930.022,328.656,424.87,495.844,665.996,710.738,597.078,375.872,415.573
209058_at,1769.4869,4487.061,4950.9023,6715.3984,9454.217,8921.302,6113.124,10769.057,6154.607,12253.604,6091.1245,14242.102,7510.7627,1510.92,2901.84,1000.9,1082.76,843.326,831.027,1770.58,681.302,878.487,736.915
209268_at,640.8096,926.36365,724.0506,730.73834,2003.4004,910.57886,523.2484,1289.5463,847.349,1198.8523,866.17786,1065.4742,1009.00275,374.153,485.053,228.784,376.948,288.684,330.052,437.019,415.224,315.775,495.793
209352_s_at,246.88963,691.75793,375.1926,586.38446,940.9946,505.53174,418.49014,644.1707,518.3784,576.78125,499.82373,677.7318,390.84943,146.33,142.054,182.551,246.915,251.096,293.298,231.323,205.898,164.293,185.09
209516_at,37.466183,287.27988,307.03616,412.9797,280.91275,424.07916,314.47266,367.84448,263.12445,611.1831,191.09108,699.4491,475.44772,16.2583,50.8429,17.295,45.5493,34.0739,20.7563,25.388,27.6592,37.8475,6.65679
209609_s_at,835.56885,1356.0338,1288.3671,1772.9127,3558.1655,1929.0714,1189.5416,4083.1038,1533.1438,3482.4028,1692.4211,824.4787,2176.9653,451.321,803.047,288.8,372.541,305.402,469.01,574.277,481.219,386.69,421.501
209610_s_at,891.8184,1094.2035,728.4724,968.3353,2718.9114,973.7403,740.3654,1328.3768,1027.1368,1331.9587,1057.866,633.2809,1138.8707,202.97,616.787,170.689,358.474,265.982,269.814,334.666,380.19,254.588,223.124
209658_at,1004.1302,1768.5795,1819.4993,2701.0093,2759.3865,2962.8943,1620.3909,3145.6284,1496.1144,2440.547,1600.8583,1886.5076,1934.1597,576.754,490.902,927.963,877.812,900.384,698.418,800.554,795.102,857.321,1086.2
209789_at,620.80835,1548.859,917.74805,1273.5669,1655.2057,1838.9503,1485.3792,1765.958,2084.7432,1504.288,740.634,2332.752,1609.4038,272.356,591.363,176.363,381.294,446.701,271.47,318.09,346.898,256.719,403.202
209845_at,1431.3497,2423.3752,1656.682,3073.1086,4506.866,4488.8228,1913.9099,5917.6943,5694.5522,5959.5127,3172.3213,3168.6938,5673.5083,496.668,1344.34,855.894,1051.91,908.707,525.072,1122.02,353.621,687.986,769.633
209950_s_at,27.624828,111.745895,229.77245,245.09837,268.67084,216.92455,180.84348,348.19766,237.04524,211.43504,127.080765,302.24908,113.80512,14.6635,54.451,8.46203,13.3958,13.6278,23.9874,19.5237,17.6569,17.8737,10.2991
210111_s_at,4512.3853,8724.836,10275.973,12089.033,12621.337,12632.783,11034.673,7372.8257,10166.839,11696.253,5659.532,10307.0625,11348.614,3530.46,4144.13,5074.38,3590.03,3753.99,2917.5,3753.48,2298.87,3374.57,3150
210208_x_at,322.55847,686.2977,570.3643,1040.2589,1241.8124,1097.7542,642.66174,1563.6346,900.9811,1430.987,855.52924,1183.4106,783.21826,286.272,374.466,183.955,328.655,315.332,320.437,158.076,336.139,223.912,291.395
210463_x_at,154.43056,366.69733,605.21783,471.61597,421.559,577.9625,223.07368,513.6723,387.39154,472.65015,346.35757,489.8792,411.3119,170.212,89.5667,49.8138,99.3586,136.499,177.541,144.86,116.96,102.581,80.9582
210874_s_at,47.771942,321.32916,48.7665,255.22914,114.90026,314.00842,55.46236,375.89612,439.56378,655.4851,128.14522,298.8682,283.00647,42.4975,21.2515,28.2601,12.5148,9.95089,20.788,21.3158,17.5688,26.6272,8.15526
210976_s_at,1220.2174,1901.4669,1533.3345,1559.8882,5776.9707,2205.2114,1220.4386,4603.8784,3022.5752,4452.697,2339.104,1717.5397,3445.9587,364.637,1285.22,320.37,476.35,567.953,424.466,638.465,617.578,623.024,701.177
211716_x_at,259.083,761.33936,931.26025,948.3037,955.0906,1478.8446,763.501,1312.5319,1202.0923,1762.028,638.74,1352.868,1027.9589,179.08,151.486,244.802,214.295,218.076,313.382,210.538,291.174,311.709,262.673
211724_x_at,356.69577,497.08203,472.07874,738.8431,990.2586,549.4599,464.4394,844.8757,502.0925,823.88873,680.1986,575.74695,530.3988,279.239,324.104,251.453,283.181,264.665,305.658,212.761,292.221,219.415,269.118
212281_s_at,474.62787,1564.592,414.09192,645.589,2129.5818,2137.5679,524.61176,1220.1425,1944.2671,3568.2566,728.2902,1547.0612,3036.3596,88.0993,503.889,122.44,230.219,114.586,81.5185,182.202,75.0008,122.404,65.3822
212473_s_at,3869.21,8291.236,5784.595,7358.4033,12828.027,10441.627,5475.047,10781.614,12236.459,10543.25,8969.483,4078.6892,9051.639,2541.38,3828.83,2133.3,1984.85,2481.66,2503.1,2992.33,1064.44,2056.91,1629.92
212576_at,409.78415,1080.6609,1227.7924,1828.272,877.5422,2043.5972,1971.6422,1578.5889,1947.1777,1844.7968,623.1868,2006.9069,1191.0614,560.342,314.575,421.935,280.488,242.101,224.906,342.551,195.689,262.024,258.037
212664_at,404.388,2685.1724,577.21796,811.9381,776.92914,1755.4908,2108.4812,2100.248,3276.9692,2300.1528,924.4208,2459.439,2899.6375,136.327,162.35,287.529,247.922,259.769,248.968,181.248,183.106,249.693,325.05
212775_at,253.37807,370.90155,195.1761,390.0762,446.46887,290.26828,285.8849,727.7502,611.40454,446.02692,398.58093,446.93253,369.603,96.0731,160.751,59.7253,126.554,48.9502,80.2995,105.831,107.792,129.026,153.099
213489_at,1293.293,2594.0085,2034.1693,2529.9128,5817.735,3255.1833,1324.5977,3842.0356,3904.87,4695.0146,2663.2188,2703.749,4074.214,378.05,1327.58,482.61,664.173,654.885,558.419,735.176,562.699,439.181,762.55
213519_s_at,48.580288,6.9691978,19.250574,8.666695,52.013138,20.311964,22.594074,11.089987,8.417452,10.793717,28.053738,11.265706,6.8198214,143.986,44.0801,151.571,71.3632,141.987,195.704,55.306,130.892,202.77,81.16
213526_s_at,145.47577,470.17456,446.39072,794.3031,779.70306,912.9502,617.1433,1146.8615,675.78265,1266.2388,677.95776,898.92065,638.8249,151.731,181.698,152.245,139.647,104.619,127.79,151.756,116.597,198.323,138.178
213547_at,1523.6783,2633.6968,2455.055,3049.622,4755.5073,4482.6196,1671.9031,2534.7524,2652.7798,4822.824,1738.1805,2131.214,2819.6255,582.364,1216.83,846.545,837.272,896.172,571.899,758.953,596.399,582.684,700.7
213773_x_at,460.41766,593.39954,726.6465,986.63196,1276.1925,853.72034,600.6272,1064.2413,818.3955,928.6366,668.30707,636.9471,493.96432,219.884,422.629,263.491,274.178,308.6,339.763,202.514,370.851,247.486,235.179
213841_at,2015.6005,4747.1826,7082.505,7636.4272,5269.297,4885.74,6275.1978,5667.399,4811.2686,5017.4185,4405.1577,4754.5615,5371.3315,2778.01,1562.81,1605.27,2228.01,1413.94,2971.82,2266.96,2107.44,1469.72,1419.34
213869_x_at,1583.1879,4814.5977,4064.5056,4875.787,7696.89,8585.143,4221.8047,7008.15,5402.2637,9572.603,5842.042,9748.407,7588.7065,1756.61,1653.95,1366.54,1894.96,1651.51,1948.53,2252.76,1163.55,1387.98,948.935
214333_x_at,132.98366,222.42812,336.0271,410.77786,419.2269,488.15292,542.94495,675.12024,452.9627,768.39026,307.79694,738.21216,621.2426,40.3414,29.8119,46.8559,59.7457,57.2292,68.6381,44.5827,68.4808,15.4916,39.3357
214687_x_at,2776.5007,8176.7944,5009.551,7491.4697,18828.77,10916.61,6815.821,20640.162,15077.981,20443.4,12036.556,27886.75,16739.402,726.542,4042.16,433.763,888.796,1157.66,1897.4,1856.74,718.289,811.772,1525.03
214870_x_at,5047.709,10692.814,21208.174,22532.4,9093.707,23547.016,26564.42,19813.879,15802.431,15001.202,9729.064,19718.87,11147.965,2367.04,3413.1,3149.16,4690.01,6003.78,5164.5,2942.3,5011.06,4568.05,4445.09
214934_at,830.0554,1256.1239,1128.6414,1752.5725,2114.0874,1401.7625,924.3412,2930.8486,1503.3008,2247.177,1013.3012,893.5622,1502.9403,351.462,657.488,457.277,410.352,215.214,238.61,422.102,238.005,500.674,329.304
215116_s_at,5062.268,13578.889,6507.195,8683.323,11952.81,15151.179,11846.994,15449.742,21943.861,16327.704,8856.286,15827.573,17115.37,1689.64,4074.61,1540.42,1920.68,1973.35,2004.59,2527.81,878.752,1578.77,1191.79
215235_at,4592.1426,9350.815,7289.6924,8447.709,12371.159,11477.874,6812.524,9905.847,12032.123,10058.121,7753.698,7560.7954,8737.169,1429.78,2206.82,2011.95,3023.17,2376.16,2803.38,1499.93,1609.98,2788.46,2710.47
215690_x_at,289.81613,504.65265,646.25366,739.163,908.6236,733.21155,573.0485,978.5503,690.9475,926.49146,593.9073,1171.4598,874.4554,237.148,245.999,234.807,138.726,142.624,277.507,198.033,222.481,143.972,99.0384
215700_x_at,517.3627,1081.813,1118.1345,1207.1682,1190.683,1635.3458,1352.5963,1477.2034,1293.52,1992.4823,743.05444,2165.1606,1786.1807,146.179,632.967,227.199,304.869,162.988,268.453,180.301,132.611,262.674,145.162
217033_x_at,779.3478,1252.7986,1357.1268,1232.1368,2032.1464,1715.1704,1515.8903,1651.6039,1050.6188,1141.1066,1073.7806,1081.4746,1212.3525,836.862,481.836,647.15,486.845,439.159,802.696,597.88,626.322,616.074,481.504
217250_s_at,690.7554,926.9364,1692.9805,2233.483,1342.6106,1841.8506,2362.0864,1700.2898,927.63586,1258.0999,835.8467,770.9079,922.41187,789.73,327.764,268.821,363.309,296.554,426.678,374.871,237.215,285.14,221.415
217855_x_at,326.7631,867.8939,985.82916,964.1262,736.80975,919.9171,1169.1056,1008.22375,1209.8169,975.4739,686.61145,1173.6744,775.7587,340.759,270.292,449.672,415.144,258.815,287.364,222.159,480.393,289.868,405.01
217871_s_at,557.97595,2827.517,1738.2015,2736.791,3844.5266,3902.5127,4057.3943,9765.328,6640.0728,10247.226,5139.957,4005.065,5789.19,438.444,840.983,219.838,317.358,342.341,756.165,448.763,407.334,270.244,332.933
217969_at,783.66705,1551.8186,1045.9387,1350.3684,2734.6218,1650.605,1077.4384,3338.5042,1595.3815,3103.8562,2561.3071,1759.3016,1845.9034,576.523,553.311,544.704,231.993,491.142,626.737,472.761,471.935,474.75,477.466
218012_at,939.9253,1643.2695,603.3103,1620.3778,2530.884,2102.8958,1133.776,2243.0989,1927.1415,2274.502,1807.8726,1932.4093,1835.3739,385.886,641.917,563.781,397.17,611.091,682.668,737.064,466.454,430.48,612.388
218175_at,2346.2217,5819.0864,3243.6848,4214.11,5936.0474,5907.6367,6511.843,5836.511,8935.152,7172.845,3988.6204,3336.4954,5603.2334,1148.21,1321.44,962.936,1511.49,1108.93,1377.83,1375.01,1107.45,862.778,967.198
218522_s_at,212.90442,339.84393,351.8544,594.78174,674.1001,596.02405,384.0621,792.83484,502.91498,875.82196,545.1069,893.80383,699.1027,134.998,169.245,151.914,118.245,161.041,214.303,151.208,163.211,149.228,139.931
218608_at,207.4976,684.38776,589.7219,500.72098,411.43076,897.6334,529.3474,799.06683,1046.3273,1217.7635,321.73154,622.08325,740.26416,252.092,151.987,143.583,126.644,186.145,173.142,118.36,130.279,128.614,133.668
218661_at,204.34003,549.9427,535.10736,717.7763,446.19598,632.91394,388.22766,649.736,537.25916,798.31085,384.55023,417.7494,495.38135,185.814,186.144,135.249,190.666,186.721,172.334,172.088,147.352,164.665,107.134
218679_s_at,317.8183,824.3086,711.58124,932.5729,1743.8057,1203.6104,590.383,2075.0356,1335.6292,2250.1929,1268.137,1269.4333,1346.3855,110.105,511.724,48.7391,185.399,105.607,120.017,155.423,128.368,96.0262,123.203
218745_x_at,85.04561,95.46042,96.22062,322.66296,283.72992,488.74268,231.70648,244.28293,245.66295,342.7751,135.12784,330.84714,271.5547,19.7207,97.829,15.7828,14.3107,30.2545,46.9412,28.3621,25.2736,17.8744,19.8676
218952_at,283.06244,1274.0162,812.83746,1206.727,1257.3285,2041.2615,1112.3804,2269.6768,1882.5537,2424.7576,1665.6396,4086.2847,1682.578,232.855,235.469,92.0332,336.607,261.214,417.218,333.433,227.48,170.066,199.692
219192_at,579.2192,1646.6198,1574.7363,2441.143,1549.5385,2875.161,2039.6575,1472.8225,1999.8173,3085.837,1041.1294,1960.7878,2374.5842,732.167,616.44,764.972,566.595,383.473,414.687,561.303,576.398,554.443,389.354
221267_s_at,325.05148,1036.16,1879.1091,2685.5825,629.69385,2200.025,1454.5887,1751.1725,1230.6115,1939.0768,1153.6605,2554.2385,1271.8947,599.029,378.361,235.725,225.702,266.972,360.711,295.207,335.797,167.767,215.921
221488_s_at,1767.204,4537.79,3058.3464,4000.556,7611.6646,6607.4585,4047.2527,7264.819,6260.717,8739.415,3862.2334,3845.713,7327.309,907.177,1807.9,1073.43,961.076,1187.08,1638,1308.18,849.386,1102.65,1357.61
221501_x_at,6860.0474,13651.799,39407.254,34849.99,12619.551,35191.957,43777.562,26062.756,19121.805,22157.39,12362.449,31813.127,16916.393,3424.53,4217.71,4389.33,5292.18,6426.76,5919.7,3624.94,4191.28,5183.22,5227.01
221538_s_at,1236.5621,3136.4634,4874.2266,5917.3613,4254.4,6586.8877,2934.0232,4990.3887,3217.5605,4414.5557,2705.97,3574.2705,3515.7798,1145.39,1409,1079.45,1111.39,1239.66,1057.95,1017.31,862.396,986.095,638.828
222010_at,816.6202,2057.0693,896.16473,1073.8042,2821.9148,1911.6196,776.57776,3451.5105,2292.0112,2895.8445,1955.0288,1814.0511,2430.6587,282.489,766.32,313.774,576.622,458.737,508.955,463.407,322.119,379.631,462.471
222056_s_at,797.21594,1373.8909,1603.9064,2017.3386,2989.6704,2590.0178,1483.4109,2337.262,1366.002,2529.001,1413.3324,1565.052,1563.8887,544.611,869.105,434.429,400.898,507.92,339.593,477.624,410.343,551.074,373.847
222315_at,54.92324,78.62117,79.42613,90.868065,26.81848,45.606216,134.16135,108.95601,78.246025,65.04784,84.86636,73.819824,102.70899,30.4626,26.4594,8.49041,24.6287,17.7259,21.3874,9.45292,14.0253,10.095,11.1401
222565_s_at,5.984074,9.955346,19.10409,17.319075,13.8367405,8.297935,52.732693,6.5636334,26.687998,3.59186,21.006289,7.237627,40.15347,42.1775,50.5668,118.182,190.801,178.81,95.6714,114.251,166.09,198.229,193.559
223166_x_at,461.5131,1326.8252,1472.5944,2166.331,1392.9573,2043.6432,1138.6061,1346.9037,1186.156,1717.3723,735.37213,1642.1643,1172.3455,415.669,739.992,407.504,211.69,197.099,254.167,250.728,218.369,246.916,258.498
223212_at,466.3527,813.2684,1373.7168,1285.2358,1742.3307,1429.1069,1167.3518,1425.7678,1333.511,1688.6014,848.4303,1192.9229,1279.649,450.143,586.57,517.588,411.325,506.875,404.671,460.687,439.007,366.083,363.325
223500_at,476.29742,3031.825,2493.263,2796.8079,1885.2086,5660.5054,1696.7386,3667.0469,5616.742,5802.338,1547.2501,5082.576,3132.1348,344.137,992.064,360.767,400.049,344.162,395.208,497.211,443.06,366.316,417.181
223628_at,110.70342,70.735634,90.09747,152.44905,395.17502,141.91231,79.30038,222.99522,75.16313,234.3787,121.016304,177.26479,60.895412,7.01895,48.7864,7.06561,11.2485,10.8254,26.2906,16.3001,33.1542,11.189,16.1897
223719_s_at,51.174675,110.33648,127.76665,245.05196,197.34721,279.5364,316.7732,48.938213,178.65617,261.53455,101.50074,286.68393,259.29654,15.1113,8.24674,47.6646,24.0958,18.048,16.2805,16.0811,19.3881,42.218,28.5056
223950_s_at,283.96896,817.9249,781.75507,896.8103,932.7896,848.8364,1007.8853,1101.1338,1822.764,1634.9652,691.6047,1026.8833,990.3613,227.39,99.8883,192.67,172.619,208.861,255.188,269.028,241.984,206.582,213.345
224512_s_at,310.82077,821.47125,798.02167,1123.0674,1422.9426,1292.8168,857.21246,2055.2686,1195.8524,2209.714,1157.0591,1218.818,1283.9916,354.428,311.915,166.711,201.564,169.869,504.631,380.907,237.89,203.846,248.704
224690_at,701.19586,1584.3049,1473.8457,1863.4685,2894.56,1710.976,1160.6959,1796.1515,2139.5864,2448.7065,1061.4706,1335.6547,2474.3667,371.9,840.445,430.111,732.982,548.128,533.663,658.388,675.051,512.921,616.688
224838_at,1798.9712,2928.302,2435.5415,4260.615,5451.096,5793.313,6070.282,5523.0415,3147.9094,5250.272,2406.3503,3154.2268,4370.953,1276.55,1104.38,2186.77,1018.01,1427.14,1377.18,890.594,755.079,1436.38,1023.24
224903_at,438.60654,1387.1139,653.9316,1157.6931,1387.9899,1310.912,1852.6958,2193.769,2440.5632,2240.0608,1332.8405,1237.0543,1684.9354,153.049,482.784,204.121,314.611,305.658,219.369,411.675,312.023,295.294,247.107
225044_at,524.15656,1133.0049,1335.9568,1331.3357,2059.0225,2213.5798,1421.0807,1890.2144,1394.2766,2706.0916,1337.3379,1612.5339,1812.8174,508.8,612.847,379.739,395.54,411.059,480.201,689.738,580.375,434.204,473.157
225441_x_at,258.86456,445.04593,511.3594,588.6422,1258.2019,769.18695,689.6587,903.36444,605.0898,1212.2281,869.89087,982.9621,782.3722,106.313,254.816,80.9667,158.949,73.7437,220.412,217.796,141.061,144.756,110.191
225535_s_at,1401.1306,7007.288,3602.1655,6115.13,6138.3096,8512.329,5161.076,8380.398,14239.335,13504.017,4275.0938,5271.1733,13127.771,593.536,1485.66,868.197,1029.63,994.149,859.998,1294.61,696.91,1314.98,1025.52
225969_at,783.94635,1684.979,1269.1143,1684.273,2539.0596,3369.8462,2062.1167,2138.2534,2137.7117,2854.3845,1246.9027,1489.1577,1992.4391,326.394,592.036,390.096,312.034,338.257,318.057,326.461,214.737,257.625,177.552
226296_s_at,815.647,1876.3125,1699.3007,2603.123,2594.4382,3060.7354,2504.2886,4407.5117,3101.6921,5752.648,2348.9124,2328.281,3345.414,863.912,889.082,487.791,489.837,465.445,733.963,643.539,670.634,463.661,638.288
226305_at,246.50412,624.1054,675.9904,514.0758,975.7666,877.5926,400.1632,583.63605,642.56213,1039.4465,747.43054,572.46027,719.30286,130,278.049,270.106,121.259,181.896,144.923,214.959,241.061,141.739,162.973
226627_at,3741.731,6515.969,6500.6646,8705.697,14659.566,9385.171,6722.33,13732.389,8527.393,17131.623,5419.4756,13076.946,9928.686,2000.09,4750.49,3202.07,2133.8,2672.17,1929.97,3472.13,2886.3,2160.32,2795.53
226764_at,409.28333,1200.444,924.61743,1543.5062,799.33044,1220.6772,2453.431,2011.7961,1152.2047,705.451,865.27826,536.0973,857.17145,375.011,228.801,256.714,303.54,249.596,316.201,250.113,277.695,258.124,138.114
227186_s_at,1623.177,5008.403,11097.084,12312.952,3663.1501,10120.306,14181.499,8373.083,8157.378,7577.132,3177.7468,5385.575,6525.477,561.607,1277.81,453.983,527.015,479.314,807.507,613.187,721.388,593.891,344.494
227440_at,1159.7133,3295.892,2444.9167,3488.9312,4419.27,3935.215,1677.7582,4281.7007,4030.233,4819.5356,3205.06,3101.3447,3483.172,835.409,881.703,732.607,1278.95,1123.89,1305.6,836.021,972.836,983.367,827.739
227441_s_at,373.62564,1418.9763,594.70514,962.9479,1948.5374,1131.5752,1813.1923,2586.468,1651.3086,2391.2512,1607.5219,1790.1571,2023.47,194.388,370.607,112.644,367.555,250.485,281.016,230.497,270.419,242.113,307.297
227778_at,281.83194,665.1537,830.69635,1321.3176,835.7481,1611.7163,1334.1493,1437.8733,1056.4437,1623.928,593.2971,1368.3346,1069.7784,363.745,177.872,239.844,137.762,152.828,243.528,224.308,135.348,255.415,204.073
227847_at,1959.4019,3032.6873,1475.9717,1742.3889,3895.1123,2447.0237,1761.5779,3337.242,3705.2087,3776.988,2264.9912,2207.708,3032.4783,503.295,1436.57,1227.95,934.598,1054.74,748.983,1007.37,767.143,897.105,850.578
228067_at,2444.059,3940.8328,3057.2612,4062.2607,8766.806,4070.378,4665.308,7518.344,5711.921,6004.8657,5490.175,9041.53,6246.5923,772.009,2106.69,843.184,932.287,646.94,832.823,1235.72,677.56,778.225,586.987
228261_at,143.46736,301.6681,366.08304,401.73746,275.46173,404.64148,241.72208,497.26776,437.5756,476.35623,386.88416,439.10495,135.61607,144.447,92.03,107.005,73.6938,78.2146,104.33,83.0769,69.4287,62.318,42.7529
228427_at,123.307755,278.79163,433.2418,480.1021,347.4497,401.07382,599.11017,506.03647,412.99734,597.67316,318.10757,399.25436,574.2578,197.921,99.5085,140.138,169.034,115.396,134.978,106.524,77.2475,137.402,99.1225
228943_at,479.5445,1769.681,1048.1677,1879.9302,1885.3918,3164.6575,2126.0593,2482.7295,2936.396,4341.965,1266.5905,2937.7405,3136.0464,291.823,602.117,190.487,343.912,238.037,138.744,187.389,201.056,154.759,145.84
229606_at,4075.8845,9738.853,6518.7505,9818.923,17434.066,11493.675,6960.378,22015.527,17201.533,15630.648,13438.522,16451.059,17773.809,1539.45,4669.99,2432.41,2621.38,2877.1,1257.61,2398.51,1222.22,2938.93,2446.37
229872_s_at,515.8417,1669.9916,1490.1208,2086.2063,1795.0457,2324.141,2548.3787,3236.9941,2044.9968,2760.9634,2205.971,922.27185,1615.3662,467.029,459.613,838.471,397.68,391.553,364.78,404.475,424.503,764.536,429.43
231271_x_at,431.2506,766.85547,494.74268,890.2584,1050.9578,1132.947,962.7291,1489.2197,1011.4454,1418.0609,698.2954,1361.5769,1200.6622,217.986,374.139,258.964,167.425,153.162,206.027,296.754,313.543,213.444,104.303
231783_at,328.21982,1231.3776,756.5233,1069.4423,1769.3402,2051.7485,809.024,3935.811,2306.9104,3580.8105,1426.1597,4095.6821,2633.1584,111.397,406.843,36.7974,206.486,83.5191,115.086,289.273,114.644,189.633,57.2561
231835_at,750.83563,2024.0106,1656.2516,2602.5742,2485.1604,3018.6223,2568.618,3834.0464,2276.4285,3338.221,2497.369,2238.3289,1847.665,75.5973,602.658,166.099,329.125,325.516,395.042,230.744,303.474,286.973,161.196
231969_at,2363.3237,5073.826,4689.6514,6677.6523,8604.298,7169.2666,6188.002,6792.111,6661.5273,6142.8774,3425.5186,3953.7883,6453.6104,1247.39,2260.8,1326.02,1497.12,1077.58,1184.95,1217.93,709.999,1098.91,1110.82
232032_x_at,720.46326,2185.4536,1838.9136,1479.31,1808.5271,1585.41,1591.0167,2516.0686,3913.6123,2174.4998,1827.0203,1571.1615,1169.7391,281.569,498.522,367.154,222.363,274.595,289.395,192.663,242.677,219.081,204.274
235377_at,309.47665,358.70493,612.5937,429.45386,955.2206,613.11035,508.86496,980.7222,596.14136,566.5993,467.2718,538.87463,539.69354,120.131,215.188,194.057,111.051,139.156,177.445,106.7,120.842,180.474,77.6865
235647_at,668.704,1016.3643,964.4266,1865.581,1976.4465,2742.044,1159.2524,1348.1117,1095.6646,1697.3328,1705.965,1370.3834,2038.2384,233.158,451.891,295.148,283.105,223.033,283.526,462.571,412.553,348.81,332.75
236264_at,972.84924,1176.7075,562.1826,1245.4349,2676.2405,1074.8229,1080.0126,935.53723,1192.9327,1531.3492,1454.1956,1185.8323,1542.427,323.639,556.858,351.09,385.594,355.627,297.507,437.488,301.658,302.783,397.615
236294_at,1085.2123,1573.2769,1114.5197,1611.7195,2182.007,2206.3064,1977.2922,1219.9908,1837,1578.4445,1045.4882,2448.7507,2157.747,328.914,540.107,538.753,497.294,432.865,369.085,490.748,265.479,455.07,337.077
236656_s_at,929.68915,3067.8293,1562.5385,1874.7563,2661.5269,4312.2803,1591.9373,3039.2537,4033.5244,4340.8027,1918.1257,1655.9045,3953.2678,456.454,1230.04,490.415,786.506,564.285,460.833,815.928,379.292,516.323,455.336
239313_at,323.1019,389.3286,291.90042,349.36508,450.11945,383.70673,336.7173,298.938,232.19527,177.56364,353.26477,241.83095,172.0929,115.255,98.6117,198.148,91.9349,145.85,135.42,137.321,98.9148,131.31,132.44
239733_at,14.606513,95.43231,26.752552,76.38886,117.61768,126.64093,50.876392,83.12127,91.22039,75.84379,121.43686,94.04518,112.171326,14.1653,8.63862,19.5605,6.64355,8.02714,8.3702,19.281,6.22719,13.9215,6.27286
34726_at,657.0285,1057.6003,1131.908,1319.7896,1485.8583,1738.3644,1467.1725,1897.0176,1307.9418,1721.6722,1301.7937,1490.8533,1392.2765,503.228,416.734,584.639,362.015,528.997,368.529,408.056,335.39,351.18,376.724
36553_at,529.3188,1827.0312,852.32574,1411.1451,3164.473,2339.2356,1440.692,2737.1963,2185.1265,3660.7493,1345.8401,1813.0195,2115.1475,349.501,662.992,364.558,339.726,332.679,411.599,561.229,311.801,515.038,448.513
39729_at,1685.5895,5562.0464,3753.959,4850.3335,10757.975,7509.3135,4367.487,12393.829,10766.477,13773.634,5753.3516,11479.716,10312.087,635.704,2302.25,576.96,735.163,556.136,975.016,735.34,424.66,776.069,775.607
45828_at,399.45218,1037.8285,1167.1522,1172.2577,1860.2876,1533.5981,1057.2513,1594.9612,1447.48,2605.5757,808.9339,1436.5082,1507.0052,348.987,478.402,344.351,383.588,444.759,219.639,394.005,516.618,308.953,339.681
50374_at,341.67728,770.5741,496.03665,682.99146,1223.098,1036.9586,866.457,1361.2952,1145.7891,1918.8713,878.0234,1027.3002,1063.5911,263.035,423.404,229.97,199.865,154.95,216.309,244.059,275.476,266.463,198.816
53720_at,457.56256,1061.1943,763.3887,1035.6964,1083.496,1635.5275,925.461,1020.5617,1170.8236,1581.143,670.51935,498.7688,858.773,303.456,383.692,357.816,299.549,373.189,332.251,281.242,368.53,267.052,251.472
55872_at,633.099,900.58563,730.9776,949.2806,1573.6686,995.6862,653.3483,756.74426,911.41156,984.1171,604.1768,620.49677,713.12726,367.38,572.92,391.832,318.219,404.114,312.912,301.703,296.367,319.304,301.748
