ID_REF,GSM119628,GSM119629,GSM119630,GSM119631,GSM119632,GSM119633,GSM119634,GSM119635,GSM119636,GSM119637,GSM119638,GSM119639,GSM119640,GSM238799,GSM238800,GSM238801,GSM238802,GSM238803,GSM238804,GSM238805,GSM238806,GSM238807,GSM238808
1553677_a_at,446.35434,271.87192,222.92944,244.14867,198.11153,342.28528,170.40936,266.76248,267.90247,276.6891,358.55777,243.4647,194.37224,728.742,589.069,582.908,953.619,995.599,873.078,1310.21,1019.46,731.33,527.801
1555945_s_at,177.58972,214.18645,620.5705,282.0867,244.3999,313.5619,238.05435,165.58887,303.40027,174.65108,142.3863,136.88982,112.00367,833.142,802.852,1110,1077.2,708.605,1048.49,888.119,1423.12,1032.35,770.572
1556323_at,145.1374,212.9931,10.872336,88.37094,69.170845,148.13686,306.81702,52.709522,119.78655,69.77632,36.432873,261.06763,79.305954,766.255,703.509,480.872,695.387,587.953,818.01,836.05,1018.91,493.909,348.31
1559391_s_at,52.978687,186.48796,215.57118,72.88183,79.15627,246.28474,52.314873,35.74984,39.485226,20.640558,8.05358,111.50177,62.173023,371.924,253.825,394.392,329.402,508.315,521.693,434.214,332.707,544.62,393.622
1561615_s_at,554.6396,340.8944,269.88913,612.4395,592.1622,537.9043,357.96893,384.2972,522.083,362.50455,387.9096,436.4228,241.7554,1823.49,1485.72,1897.8,1216.47,1088.4,965.34,902.566,1881.01,1218.03,1101.19
1561763_at,4.5210624,5.2701125,11.291347,3.9013076,1.2098863,18.435776,6.983011,12.071089,6.2434125,11.772884,7.4324174,32.610226,2.331081,53.0395,43.4319,67.3223,22.3778,65.5438,43.7272,49.0577,29.8336,53.9519,44.7976
1563947_a_at,85.32058,31.785427,69.45459,117.73885,69.589,54.13937,44.248688,113.35354,136.44489,96.11205,73.49211,66.90634,77.3285,346.283,545.013,315.824,337.139,418.429,379.114,333.883,750.177,475.879,384.717
200732_s_at,464.83932,304.53793,548.0642,469.1039,645.4297,448.433,438.46024,569.3978,487.4218,633.005,529.55096,407.85406,584.4345,295.312,176.073,247.88,104.573,153.159,217.991,265.487,141.038,259.169,229.832
200774_at,1963.834,1908.7162,1096.3015,2211.3977,1922.2382,2150.9758,953.2266,1712.9872,1918.3765,1520.7794,1943.4576,1857.7131,2174.8088,3731.81,2581.06,3227.51,4558.13,4012.86,4210.69,4623.98,4314.03,3512.01,3314.04
200914_x_at,473.61584,286.12918,388.32098,223.99648,391.6047,606.0876,291.8376,271.56775,472.76712,168.68875,206.30515,250.5878,202.059,1315.09,1096.77,1499.53,1493.09,1567.61,1373.91,1918.82,1800.86,1468.3,2211.02
200947_s_at,940.3786,830.2947,1307.4053,888.4952,1251.7396,1024.0397,733.92035,770.8304,955.0283,1173.3674,1047.6414,752.646,1293.1456,312.47,562.581,375.445,446.355,318.251,248.136,326.375,121.032,307.658,352.712
200967_at,977.39484,802.01166,957.5068,1157.4087,1027.967,521.9041,936.94727,990.5886,920.4461,953.6811,939.3876,708.8508,932.01245,642.199,376.901,484.784,190.643,413.776,296.894,344.235,267.657,408.513,331.068
200980_s_at,1062.5778,753.84467,446.34857,892.99225,812.6088,948.7923,1069.5116,1029.717,1023.23676,1123.489,1041.8843,868.607,990.0345,511.618,368.492,419.775,511.028,275.038,240.93,146.344,220.262,321.041,272.598
201011_at,429.2245,356.69778,241.38255,334.91412,390.55603,333.18604,181.91185,372.70078,331.22052,464.4639,249.68645,332.61047,397.39124,139.108,130.759,140.876,113.834,224.357,99.0561,83.7806,49.0354,122.912,128.754
201065_s_at,1241.1611,1105.1904,1498.6287,1309.5945,1114.417,1548.5172,1246.1909,1086.2625,1376.6587,1081.6508,972.0347,1242.0037,1088.7458,2889.22,2748.81,3177.04,3901.78,2496.49,2014.84,3097.99,3613.11,3179.97,2650.29
201083_s_at,96.232994,215.57613,197.12852,110.51118,141.78113,97.2554,173.67117,154.5458,195.84355,128.008,47.795677,148.19194,104.7733,416.155,375.118,417.99,506.156,475.381,511.656,541.64,269.005,360.766,296.392
201526_at,251.92047,422.61053,90.02163,448.81342,441.11554,344.226,255.70866,356.63416,345.59558,385.7535,407.02274,383.18927,400.75574,80.5333,154.905,98.9608,34.4618,159.269,42.9513,74.1474,83.2747,26.7795,97.46
201550_x_at,13255.757,16015.626,6741.8706,12404.941,11656.996,12745.763,10154.788,11911.837,11281.557,12392.911,13251.866,11532.332,13791.17,7920.54,7287.58,5832.87,7092.85,2639.89,4227.75,3588.04,3891.4,5535.46,6163.76
201552_at,558.60626,494.62143,691.0482,615.9236,599.4394,769.95496,580.5967,825.5983,565.3375,859.92004,643.3308,754.00867,917.3204,238.502,230.101,353.867,102.308,315.059,150.147,142.952,69.3636,140.695,474.934
201728_s_at,99.04055,109.370094,94.11424,93.280334,16.859972,102.775085,243.21625,102.57493,69.12636,60.89336,10.583733,117.81314,42.216053,156.078,329.758,321.448,282.509,248.54,369.105,362.613,273.101,304.96,322.322
201751_at,563.3132,776.53296,511.0175,663.20685,770.86383,566.6654,516.9936,633.1973,659.30597,610.1865,578.02435,663.6867,685.3206,394.281,348.993,283.875,276.145,129.205,295.176,434.335,194.635,233.155,265.458
201918_at,388.37967,593.0719,299.91742,398.87442,334.55243,513.435,170.35365,366.92563,524.1202,258.6287,379.52698,298.96375,218.62523,1013.24,743.445,802.48,1103.85,1488.95,1148.52,993.448,1138.7,895.757,570.738
202021_x_at,3025.7244,1971.0958,2966.2178,3053.6863,3841.1282,3046.5654,3106.709,3061.8123,2782.175,3776.7815,3319.743,3105.8384,3915.3176,1047.97,943.242,1104.61,543.667,959.089,469.748,511.587,436.703,582.392,878.43
202301_s_at,535.0696,284.44522,381.1203,340.13885,324.79816,308.96863,258.86865,434.99512,393.35135,292.4056,257.3195,301.08374,305.0709,913.159,819.685,931.045,933.522,757.269,836.938,1316.73,1390.83,759.189,627.641
202623_at,504.15665,302.6773,341.0028,525.0817,498.61475,312.5241,320.73917,591.8174,464.63525,605.2912,534.1811,538.5918,549.86676,177.778,203.593,125.132,123.119,142.545,161.797,126.349,112.344,152.005,93.3541
202773_s_at,2.716479,58.657757,199.74178,68.91037,18.320461,89.95112,190.4834,68.35529,12.197645,41.868813,23.821432,164.12715,30.864347,232.326,392.978,337.225,335.397,477.244,526.519,497.65,603.527,573.901,309.645
202844_s_at,210.29395,298.51834,318.38455,297.18027,132.04251,357.42563,369.90195,329.23157,327.08673,301.7334,326.18283,350.87524,307.22458,544.339,1013.77,1229.16,900.049,1261.27,815.72,1342.94,1038.1,686.434,809.328
202858_at,928.266,925.14215,772.2493,1299.9114,1353.5886,1044.4065,1044.1638,1103.5975,1452.5707,866.5044,672.3793,974.97156,1018.70154,340.549,715.908,496.408,283.986,69.775,130.471,148.033,288.064,234.991,483.857
202920_at,4713.3086,3540.4373,2950.3936,3967.0005,3865.0066,3871.024,1870.1952,5004.3193,4079.436,4115.953,3622.1821,3599.1682,4503.7275,1806.2,1703.89,1853.32,998.057,702.646,824.966,552.678,684.483,864.669,1296.04
203122_at,801.1776,780.89764,858.8806,975.6551,514.40686,554.9718,668.19995,686.44934,585.607,798.4242,680.81665,677.7398,841.226,427.305,317.723,223.952,381.633,5.16461,214.822,267.595,286.033,161.925,205.184
203147_s_at,72.13775,108.11835,134.66147,63.317905,8.79244,134.91646,193.04391,52.645607,28.208076,27.849543,13.27243,95.97685,57.80922,180.354,266.251,311.207,174.993,274.816,419.28,355.864,371.559,338.488,456.051
203482_at,364.42288,412.47467,419.85123,447.7043,452.43216,440.31802,398.21976,286.76163,390.8867,236.34941,280.0114,372.1783,255.32536,116.107,116.523,149.786,156.789,243.13,111.702,190.407,96.8711,118.904,131.074
204106_at,338.27084,404.21588,517.18225,363.057,373.55185,397.22156,388.4318,243.70439,312.31223,364.5687,384.77283,279.83676,347.0062,604.193,503.752,720.638,835.553,693.581,662.334,586.163,759.708,567.944,854.535
204184_s_at,523.36566,502.99075,288.80347,362.35046,163.6094,244.89014,214.52518,327.10394,368.40732,477.25632,370.77048,369.0071,314.1504,2057.6,1821.62,1768.71,1568.92,988.683,2313.76,1146.79,2869.98,2053.9,933.475
204372_s_at,284.19897,348.96912,377.1577,224.55733,303.4646,306.94446,309.80118,162.8876,228.63025,159.3992,207.21066,314.28546,295.0793,590.091,769.2,593.573,867.254,989.476,911.877,974.884,1135.28,879.361,783.218
205273_s_at,967.87036,704.1401,748.8922,773.5317,652.7608,877.1763,688.9008,751.4613,736.4516,702.51373,629.24054,641.275,828.44525,434.007,312.349,323.712,392.601,166.58,136.793,252.854,244.196,252.515,289.015
205353_s_at,4215.72,3402.4807,2643.0864,4904.362,4679.9243,4429.511,3094.2378,5369.539,4461.311,4582.009,4072.5632,3378.8948,4768.4233,1766.17,2299.99,1872.39,2121.96,1039.5,1451.31,1392.53,1240.09,1512.64,1431.39
205917_at,160.3586,201.184,201.3843,91.856384,91.58415,143.49034,191.36566,76.475494,81.639114,69.27913,69.780205,182.17949,112.18978,311.408,210.011,296.039,305.186,344.334,288.141,485.68,336.46,345.25,429.312
206374_at,252.94226,239.74356,668.6884,415.4946,252.86267,422.99518,425.34634,199.21602,269.9352,174.74907,202.64932,447.11713,219.90338,1037.19,832.336,790.01,839.65,1040.39,1093.6,1260.13,1503.8,840.886,1179.75
207002_s_at,160.56622,78.44977,87.634384,102.78108,78.010864,116.57955,75.32668,99.31087,112.04947,54.803474,66.86964,82.93744,61.244774,278.558,215.003,294.86,296.711,161.124,327.441,342.086,442.926,413.474,197.845
207132_x_at,1186.016,941.3716,905.19366,1182.3368,1842.0319,1222.6552,861.18945,1518.4119,1468.7979,1426.1061,1272.527,769.55853,1533.1641,557.593,629.211,519.383,465.246,263.075,329.596,199.159,335.143,203.78,531.873
207966_s_at,539.5434,769.13763,736.1833,626.0561,599.5838,905.77454,736.6244,730.85266,575.22974,655.4224,832.0365,636.5711,739.1827,1957.82,1656.73,1216.38,2095.06,2128.55,2267.55,2759.95,2097.47,2493.24,2086.67
208003_s_at,151.02968,129.3514,163.65662,184.70714,71.75599,152.39526,316.8212,105.82655,121.808426,73.16628,104.40257,156.17793,68.16206,360.933,663.974,628.82,745.133,1100.4,736.831,860.054,799.158,563.616,630.227
208113_x_at,929.2016,816.33954,1251.4071,884.9554,1662.131,804.476,960.48914,1083.4376,1343.5917,974.3373,969.3987,735.76404,1060.5067,2303.36,2061.54,2262.95,2187,2085.98,2089.37,3134.56,1924.66,1686.04,2982.84
208704_x_at,2355.7075,1862.8903,1341.1938,2698.3572,3334.6523,3104.2368,1336.8394,3120.6138,2600.7075,3499.792,2884.95,1674.0781,3338.5625,811.192,747.949,903.676,641.035,428.367,364.756,320.167,227.367,442.596,926.971
208720_s_at,791.9961,907.9442,797.9023,833.0084,988.83246,652.7142,553.72174,716.3778,697.4351,754.01086,586.4973,946.86957,842.02545,376.887,336.643,331.56,283.861,123.568,292.84,167.421,226.117,376.528,291.784
208859_s_at,554.94415,622.16504,734.5553,281.54468,448.5669,334.20804,648.42004,430.07462,552.87396,255.52101,117.805725,339.32693,288.5089,1217.83,1259.32,1551.35,1173.39,1004.88,1475.44,1885.31,1798.84,1708.04,698.663
209023_s_at,171.5615,134.65556,199.27446,60.48873,161.2687,239.53455,131.45331,119.57595,98.04775,82.96328,93.76713,158.29121,146.71638,574.111,619.718,697.662,199.978,850.806,629.936,634.176,349.696,564.117,505.422
209088_s_at,247.7208,351.4277,348.60583,230.85767,183.0362,385.9936,402.33942,272.74985,205.33363,115.408325,126.217064,132.36058,118.87676,471.958,548.187,753.251,673.581,682.637,784.229,746.253,774.86,641.957,422.547
209204_at,166.45656,283.9605,190.4893,246.89162,81.203705,232.49222,337.4384,158.40213,223.70332,233.58163,268.0132,200.07916,194.34282,953.917,1163.25,812.329,1222.62,754.63,1184.82,562.688,1654.4,1099.8,768.875
209290_s_at,630.55597,470.04654,932.89307,755.62366,592.3679,514.3007,698.4561,719.94055,922.7203,499.11835,525.23083,873.0582,828.9701,1513.14,1390.16,1689.86,1387.81,871.34,1794.36,1552.04,1319.25,1293.35,1768.33
209411_s_at,147.19536,191.15282,63.48519,298.86365,164.80232,370.88504,332.67874,175.39902,141.37231,243.2177,211.53061,161.66006,256.7243,733.355,799.855,616.364,1363.64,1086.65,819.66,808.902,770.76,956.814,849.72
209659_s_at,1858.3031,2109.571,2330.3633,1695.1049,1818.9762,1617.404,1977.4103,1655.5269,1598.2261,1518.2924,1913.9789,2252.4695,1599.8604,1193.13,854.302,1042.03,934.782,807.314,1331.01,784.872,846.208,1232.88,1143
210825_s_at,11803.853,13190.886,9505.573,14150.972,11120.826,13828.932,13111.351,12409.02,12715.892,11310.023,12542.899,10401.948,12693.863,5327.73,8583.84,5557.61,9081.82,7563.93,6800.8,6972.26,6075.36,5782.88,5525.37
211993_at,169.59029,286.12796,154.02602,213.75447,167.94727,282.58612,226.98485,223.96106,136.82948,86.990395,145.7478,157.50667,114.12882,409.224,1086.76,1144.12,840.435,981.052,653.994,664.848,1285.4,718.844,856.736
212033_at,1530.2877,1160.3881,882.35974,1296.1917,1530.8308,1125.8474,868.63776,1467.2417,1592.627,1020.73065,935.7264,1186.7211,966.07275,467.574,385.62,345.087,333.349,248.154,411.621,313.923,444.291,527.265,298.754
212068_s_at,1417.5062,1678.4733,1127.8829,1779.8806,1503.282,1197.8925,1440.0728,1515.7614,1434.7709,1508.7816,1295.109,1412.4634,1479.6863,1002.81,853.243,1025.36,259.863,812.064,288.931,238.059,436.367,784.511,682.804
212079_s_at,11.499697,43.717728,13.254555,88.26819,91.97702,43.849945,88.787605,57.547127,43.385624,40.262486,60.28579,22.028564,10.468922,192.658,241.812,188.312,207.042,109.977,138.488,281.556,192.719,236.022,312.735
212130_x_at,3586.136,2416.7546,3247.4998,3238.753,4376.041,3486.5637,3210.3494,3382.825,3306.6038,4344.825,3610.741,3499.821,4241.4077,1244.66,1095.81,1351.58,691.269,1118.49,618.961,704.088,449.529,541.354,981.749
212227_x_at,2961.2632,1768.1592,2921.515,2782.569,3917.1638,2765.763,2584.6135,3026.149,2839.731,3839.2227,3198.6868,3133.8096,3968.0361,1109.92,887.979,1111.79,622.031,793.026,530.16,496.369,425.678,554.527,874.552
212765_at,5287.826,4703.92,3363.4102,5528.969,5595.4634,6014.7515,3564.168,5326.2373,5157.331,6554.9233,6033.6934,4679.3696,5646.27,2624.41,2806.18,3296.44,3159.43,2667.18,3053.04,2937.17,2635.02,1901.91,2075.07
212863_x_at,2271.0344,3231.7397,2051.8127,2575.4019,2466.5264,2984.5728,2867.6113,2563.462,2222.8186,2723.3713,2521.991,3234.0479,2557.211,1041.43,1533.01,1272.29,1475.9,1644.34,1248.1,1183.59,1616.77,1203.32,1423.11
213065_at,839.091,799.36945,571.37115,637.0861,656.645,737.7253,619.2486,821.6956,865.68713,679.82153,753.38727,865.9844,794.2265,278.144,403.245,360.935,262.318,305.294,500.344,344.141,293.676,339.152,354.688
213145_at,245.50179,314.2737,342.60962,360.69943,266.90204,311.13297,109.72393,278.248,229.96776,248.67593,324.42993,277.4852,326.38318,386.359,547.531,606.262,391.086,453.784,527.219,600.7,533.452,521.111,515.988
213507_s_at,3529.642,3795.047,2116.9404,3851.3137,3354.2466,3346.4517,2900.2253,3871.249,3110.7185,3428.4841,3169.8452,3429.0906,3849.804,2471.32,1874.2,1842.54,2122.59,2117.72,1460.66,1347.12,1796.95,1497.66,1806.29
213517_at,147.0856,27.11001,16.339529,55.10657,107.3579,232.9851,95.0563,102.90921,159.57407,63.945404,121.41782,193.87383,147.43684,250.999,376.823,343.764,375.577,315.692,300.328,472.456,509.199,302.505,311.505
213922_at,394.3604,148.93132,252.26083,249.47397,176.42221,909.8209,405.71228,328.8507,577.81,278.54416,236.99542,328.47745,329.33163,979.319,1470.24,1726.55,894.085,1246.85,1235,1390.17,1401.53,911.107,1259.07
213926_s_at,58.75511,114.64083,29.859371,84.48421,98.551254,114.64962,95.5896,43.23995,87.19204,30.10368,96.439865,55.972164,5.8124137,232.699,272.511,289.479,228.154,217.341,220.078,424.348,359.055,265.07,176.369
214314_s_at,218.76787,354.93878,420.5591,200.61685,160.50328,275.9209,353.36533,120.44343,231.65262,104.148056,193.48688,246.30988,142.38753,515.829,443.082,657.194,641.405,685.284,509.441,633.908,675.265,498.504,520.145
214501_s_at,377.15796,419.88165,253.38852,247.52182,436.7051,321.82605,306.98367,360.54245,383.10065,304.30087,257.30673,372.32742,267.81723,675.093,639.113,591.099,987.311,1082.06,676.453,1025.59,861.439,783.655,508.063
214595_at,92.825096,42.040173,214.45056,91.33045,156.55887,96.507095,218.53113,38.99565,85.7481,115.22298,90.60728,8.55524,56.034386,194.094,260.37,333.017,383.083,354.119,239.25,328.074,329.518,426.186,391.81
214659_x_at,196.0914,221.17796,333.67883,160.95018,110.911705,182.49747,214.79747,109.02143,177.25754,119.143135,104.26728,83.10144,83.456406,693.165,853.919,740.866,1065.82,855.962,663.199,1132.2,1209.1,726.934,757.084
214726_x_at,199.68694,254.48012,180.9514,177.97777,85.955826,221.82796,218.64694,171.04588,121.85474,171.3422,160.34534,72.97341,134.14017,580.702,537.437,527.528,443.207,508.358,353.28,646.231,363.934,361.605,530.608
214771_x_at,1405.3577,1506.3396,1096.3718,1980.75,993.1993,1574.4963,1020.58856,1564.0027,1291.0111,1753.5321,1554.4395,1156.7958,1719.4077,949.154,616.472,654.037,440.079,613.387,482.769,236.339,493.93,616.085,691.313
214799_at,167.8672,443.75427,188.59712,107.781784,93.61867,309.26706,165.34505,59.61601,125.7159,44.669525,102.15203,181.93661,77.36769,661.882,620.937,769.58,420.394,534.892,637.294,431.119,560.536,656.71,866.943
214806_at,185.91356,172.54073,130.36917,93.627,131.5693,157.32115,185.4848,65.446594,88.22261,65.25127,54.361366,37.18393,61.87217,428.203,251.561,354.873,383.086,271.356,331.316,430.862,597.612,292.017,358.912
215091_s_at,2539.9768,2522.9812,2525.3704,2566.7102,2304.5574,2652.6157,2253.3867,2511.1455,2610.0525,2513.9072,2247.6865,2611.005,2717.0718,2041.1,1359.58,2057.27,1645.52,1194.03,1027.75,975.064,1701.65,1257.99,1773.55
217077_s_at,340.11234,511.79724,313.1814,508.78732,442.4702,241.76746,459.84943,436.0556,378.8713,462.26175,438.85657,484.5836,488.2342,312.494,260.642,189.993,202.767,112.755,142.494,162.992,147.448,167.049,130.469
217538_at,64.262596,3.2132545,44.436657,17.531496,26.25787,26.50213,71.26919,2.8875456,9.770367,6.7847433,7.6073585,12.702161,8.589325,90.8971,99.4987,114.986,92.7721,148.376,128.504,140.05,131.807,84.0514,82.5836
217749_at,327.46725,224.74982,188.24805,401.7037,309.02206,409.44318,330.08112,237.81656,359.62448,386.35156,213.13597,236.97447,360.40686,43.3626,79.8234,22.4152,58.5153,114.127,73.9108,112.146,109.465,86.0899,62.3406
217815_at,471.18994,371.42157,297.28378,508.53885,584.72107,459.0439,395.07104,497.44482,559.0492,684.2231,529.67395,566.07324,564.9318,222.309,211.549,177.163,211.083,182.648,174.455,197.982,221.87,133.704,218.817
217860_at,1334.459,858.78394,669.2135,1090.8445,1022.4404,1135.3899,1227.3435,1465.2432,957.80695,1528.2236,1377.693,848.4505,1036.5264,500.803,296.438,383.948,275.01,129.796,209.005,345.658,362.928,344.791,411.083
217936_at,434.58807,428.65118,621.6694,439.7388,510.1772,497.22308,524.8791,514.9004,468.1963,391.09033,467.07254,355.5839,395.68594,119.006,237.077,184.626,114.19,228.397,73.6331,105.349,129.561,51.0087,169.251
218330_s_at,245.39577,422.57062,294.86603,247.19292,169.9627,277.60623,292.71097,239.10489,227.5525,318.77774,287.37515,217.66475,217.55315,744.031,862.577,891.481,670.139,1064.14,677.043,562.64,813.463,475.815,908.912
218381_s_at,120.15332,155.65558,147.28429,152.34149,81.798965,217.67873,374.17035,134.4663,95.0066,117.48258,117.60079,228.27438,150.33769,870.876,443.842,413.882,566.415,682.351,463.437,605.916,471.59,511.571,571.222
218521_s_at,272.19162,234.8023,397.51984,309.78333,206.6409,301.83496,290.92374,239.9117,247.41284,169.69095,190.54521,313.59845,158.5826,525.996,792.974,710.439,524.263,865.236,860.069,791.684,1062.33,927.528,443.804
218859_s_at,219.73087,177.56549,164.89897,191.56213,231.73659,336.57684,550.20667,309.18344,350.30725,94.72199,87.01731,181.26138,171.95198,717.718,758.59,755.121,808.57,601.499,495.327,969.985,1095.59,1000.26,605.486
219193_at,183.13885,209.60504,325.7578,196.71191,195.13277,199.69264,167.24727,235.47769,235.87704,231.41844,171.78532,236.17043,222.59871,115.885,67.7665,72.7317,140.834,9.58871,8.90503,22.203,30.0724,43.1247,73.3251
219549_s_at,14316.948,8859.218,3324.1938,11906.614,13099.597,9726.475,6973.0273,13456.951,11005.147,14930.875,16007.141,12135.878,16092.525,3531,2387.29,2036.96,2039.74,1265.6,1593.94,1208.12,1249.81,1750.57,1266.6
220155_s_at,406.982,478.1939,263.85574,381.37143,349.2236,332.3897,340.37863,467.31152,259.43448,486.59894,377.79297,336.50772,508.93375,141.889,186.894,124.274,106.008,22.514,46.7958,160.719,104.378,166.897,203.899
220617_s_at,782.01465,446.95682,504.1743,633.45844,479.04446,533.6082,440.81482,523.2973,556.5502,447.84644,621.7495,561.4212,461.0922,131.518,104.076,105.838,78.6147,128.158,56.9708,154.196,26.5857,187.438,104.91
221006_s_at,93.064224,201.25258,104.23359,113.54786,108.54923,125.33313,73.01999,103.32908,108.43387,106.148964,102.34236,116.73111,113.988556,300.035,358.057,451.335,333.216,179.091,351.018,252.735,299.78,224.415,367.187
221745_at,125.73841,79.55603,12.35367,130.25272,12.175465,111.607895,133.37065,42.675766,78.87067,58.574017,7.673632,132.35913,51.395325,120.558,297.259,246.727,278.626,182.511,298.148,256.363,278.397,292.071,237.515
221765_at,180.13908,81.18289,83.21336,143.42581,167.72559,146.74858,62.12451,83.78842,148.36676,131.3446,64.94005,159.7427,68.26799,424.179,454.648,360.502,297.619,447.102,728.668,368.728,345.459,509.791,319.313
222313_at,18.676346,100.7784,89.68739,51.805702,47.74803,67.4469,62.250687,73.13244,62.09085,44.34546,4.7723227,43.074047,15.143541,210.416,236.286,265.028,133.604,377.13,206.448,270.746,105.088,262.568,326.367
222633_at,250.6958,488.32043,470.54138,453.63052,343.6733,489.7521,195.33981,600.1883,531.99866,415.92123,374.32135,379.4004,449.9953,1668.61,2345.79,2433.38,3079.96,4494.37,2350.84,2528.74,3864.9,1987.67,1493.65
222820_at,265.03867,458.71988,358.43738,273.9766,287.48615,243.95157,201.67267,249.45181,250.49664,143.42693,216.32668,237.16072,233.83664,49.696,61.2191,61.3229,90.2959,64.4662,77.3525,40.0907,47.7688,50.7659,14.4552
223214_s_at,395.64114,262.82278,221.60747,264.296,219.90324,312.13876,237.38548,278.28006,213.87561,262.31528,280.3397,286.0089,262.12387,135.391,146.469,148.199,103.07,163.32,92.3131,118.252,102.328,176.157,162.183
224212_s_at,177.95001,146.44826,225.51779,205.45572,173.2031,211.37263,402.55304,156.89343,240.97191,188.64627,118.85053,169.02753,134.27968,675.334,541.537,368.661,618.653,778.067,738.401,753.06,767.076,578.002,335.639
224651_at,347.74136,508.2544,113.44538,442.01724,392.33188,464.4564,245.7089,319.83652,466.50613,340.41254,289.22662,221.14522,234.66454,994.657,633.854,911.047,803.347,829.705,969.804,1212.5,1483.2,1059.51,715.5
224726_at,166.45248,67.904144,156.64725,166.5947,130.45935,94.26648,104.47191,75.95396,196.55116,250.33086,98.21568,112.33064,117.39192,445.235,421.329,616.972,406.845,601.651,777.569,920.025,486.253,466.638,581.237
224771_at,149.60959,243.24562,139.56601,220.33324,89.873,230.57253,480.954,152.58401,242.80183,75.943855,162.70839,225.60786,125.191795,636.749,1586.68,778.079,1250.17,1189.28,843.358,1335.39,1670.82,1223.57,931.532
225167_at,261.75906,170.72133,326.87494,213.16725,110.04528,217.42453,118.94764,125.41576,138.61221,104.19164,224.15572,171.24832,150.54364,409.673,372.449,388.901,512.263,601.074,396.853,414.719,593.529,484.446,561.584
225197_at,625.4815,842.58887,534.10114,560.24963,1072.6122,903.2513,792.27655,684.54614,676.6127,800.6033,697.8062,633.851,737.39526,106.738,213.36,111.365,169.98,185.772,127.74,160.35,114.884,170.465,169.191
225234_at,225.18024,250.75087,270.50363,304.38144,149.04071,141.80994,187.32898,195.18558,138.04555,157.89452,325.12793,183.18608,243.32526,484.876,618.61,411.007,349.976,548.89,498.063,705.147,592.513,484.024,546.733
225431_x_at,186.35571,203.55196,169.28049,185.75423,146.7062,100.76688,105.82191,94.680466,155.35477,97.50093,197.12827,174.76004,107.94395,316.853,316.063,445.494,267.591,338.128,384.464,311.853,421.525,310.309,372.425
225483_at,456.50027,379.17282,379.3479,437.74402,262.64005,259.90475,389.53052,424.28995,378.9938,416.938,468.91293,428.6501,431.94965,286.665,247.445,220.897,187.058,74.9823,192.042,151.818,160.613,85.9809,201.394
225821_s_at,685.3094,414.9266,759.98254,571.87463,543.59296,522.8428,344.37643,445.19516,627.3493,558.1752,607.8655,645.5153,571.4047,226.362,162.608,236.351,281.861,299.263,228.73,126.033,182.853,315.211,317.323
226143_at,840.63605,848.443,686.3544,752.88245,854.01373,982.2819,1241.6171,479.8927,937.2163,616.07935,628.77716,1068.9221,559.14386,2019.71,1255.92,1302.63,1617.97,1732.63,1653.85,1602.02,2028.85,1907.84,1543.14
226158_at,219.67255,156.45563,192.94176,256.96576,228.05504,444.83188,226.73538,198.26395,296.03763,213.04909,187.1185,236.97612,175.46565,523.34,406.33,633.187,480.523,708.221,731.078,510.684,435.823,449.679,728.96
226675_s_at,2368.9778,5284.128,4785.9087,1590.175,1747.0133,4323.676,8608.263,1053.8389,2714.8596,825.39197,694.3568,3465.251,590.3323,12498,13862.3,11676.6,14246,23515.8,15844.7,18028.1,24241.7,20493.6,16131.9
227612_at,568.1277,933.5126,647.38293,473.40128,231.00673,835.3312,1072.1558,358.1434,429.38773,321.89102,385.93137,452.15552,466.56226,3021.26,2659.3,2093.27,4657.65,6379.75,3199.41,5088.21,5630.26,4091.5,2950.23
227712_at,111.56487,154.64967,25.84124,68.4678,151.52531,54.695194,146.12659,86.104416,139.54984,98.86219,185.84682,82.96537,108.21093,312.642,280.754,260.149,392.189,351.013,241.249,359.694,382.901,264.556,256.621
227931_at,218.08664,514.4518,278.0101,243.787,152.99983,326.19824,262.18484,269.44995,334.55737,123.00803,225.75934,303.09625,215.21265,672.194,732.661,793.671,616.125,810.191,928.71,951.897,878.01,716.344,1014.86
228007_at,478.52118,515.1976,848.91046,618.3752,434.38095,826.68677,289.14294,406.1846,632.37476,452.29678,522.27203,389.0618,449.7388,971.205,1351.55,875.284,1464.45,1268.3,1203.63,980.285,950.751,1419.77,1150.97
228556_at,82.407265,58.31442,13.886805,51.852802,42.842304,41.322796,153.61848,71.72819,106.92696,48.612507,68.68635,112.37821,49.529625,174.453,224.642,180.455,165.513,186.274,185.462,149.289,238.009,218.556,136.571
228686_at,44.1881,78.40565,151.78627,104.927704,54.229088,107.35049,102.448845,106.08051,79.78516,8.674598,9.680898,65.36645,53.39156,217.556,266.886,227.292,139.044,326.041,152.611,260.229,260.147,219.521,280.285
229353_s_at,8205.084,10784.8955,8716.926,6497.6665,6625.8057,9678.538,8917.261,6619.7266,10996.988,6035.7163,6771.7656,7101.6265,6288.482,16701.8,22803.2,18314.9,32244.1,28976.9,26749.6,43339.6,23865.3,27411.1,16744.8
229520_s_at,68.21134,108.02695,127.30782,64.726295,101.1074,95.90768,13.242268,66.3698,130.74318,32.66681,85.64773,91.2566,71.28004,474.122,327.698,346.448,264.958,250.808,314.4,405.198,359.643,313.067,299.924
230179_at,1705.2896,1468.6176,872.00757,1203.2888,873.90576,1417.6986,1462.273,1106.7037,1151.9868,1423.9452,1426.7347,1624.2948,1538.5491,3961.96,3232.07,3348.63,2418.85,2471.03,2938.85,3687.67,3371.87,2272.94,1996.54
230427_s_at,207.69601,210.22176,137.92342,132.44691,189.45735,102.55934,133.62444,156.19281,221.40451,135.84937,166.7985,163.89374,159.69083,72.8269,34.3071,84.2592,82.801,68.359,64.5831,82.3807,56.2051,48.8049,45.1939
230779_at,245.55315,357.65637,226.1642,266.81616,278.56885,372.99765,275.34564,197.70988,256.39703,190.62851,186.77379,222.62148,228.69844,972.327,744.438,742.994,462.557,1041.35,886.61,1141.17,1058.8,845.294,819.8
231234_at,83.812454,143.63124,29.450785,135.42606,51.338062,121.18592,64.823784,86.95456,69.03709,69.147156,89.55447,141.66353,81.21959,176.133,210.142,261.417,194.01,308.332,208.254,264.497,283.527,193.694,208.953
231875_at,541.3887,289.8095,189.2564,431.26923,278.4311,331.5738,348.27582,444.0605,364.59766,288.93735,256.2894,251.75734,303.1518,1013.39,1099.02,1075.7,1182.76,909.035,621.543,1093.83,923.258,730.55,420.157
232264_at,7.796452,214.69313,345.02374,168.51854,168.31964,232.0163,240.7539,93.59706,77.802826,17.279129,107.994385,230.53792,71.86898,677.267,565.747,628.095,433.494,690.48,827.589,742.383,870.722,707.963,459.401
232511_at,145.0745,169.13622,338.80692,139.55826,190.48967,266.0441,351.4105,48.422165,101.32612,74.466255,61.303402,203.36084,68.03654,826.197,766.001,644.262,513.36,419.321,589.919,973.459,933.576,499.25,717.659
232940_s_at,92.69801,132.01573,113.68733,81.07031,55.032227,170.70103,174.85617,84.66827,114.47844,36.768284,130.64372,112.92909,39.738678,231.283,398.882,464.478,305.008,245.374,250.315,261.328,335.078,324.711,222.86
234505_at,70.94704,201.4045,128.67274,208.75995,107.4865,75.43958,17.914413,111.36852,101.247246,92.73844,88.32862,190.58531,72.07106,350.808,363.399,286.318,490.494,537.273,389.715,649.384,413.628,367.315,337.963
235672_at,186.98825,247.1722,358.40906,171.84898,138.68239,261.77884,108.45504,77.79751,222.65245,116.92921,54.168346,222.17491,101.23976,677.153,642.117,468.128,456.567,611.352,363.511,620.964,651.455,741.027,620.921
235918_x_at,223.10873,220.09795,212.2314,154.42175,141.62662,242.39018,346.4952,169.36044,231.09453,168.62677,115.57385,251.23683,149.38095,396.713,496.69,473.065,593.451,531.286,866.816,632.262,442.611,568.081,662.661
235954_at,84.08103,61.13368,121.15489,22.279812,1.2719747,86.533905,125.11692,6.0621743,105.47714,19.564005,64.17167,69.22861,44.78668,116.288,201.191,199.564,269.201,222.125,248.215,180.399,283.816,210.123,312.544
236254_at,93.29332,241.01466,134.47139,93.450005,62.958843,138.37685,188.07903,111.15873,103.56356,105.24343,61.54651,101.24255,87.34694,352.413,303.735,374.767,544.053,340.063,354.924,721.851,472.393,434.073,295.836
236268_at,69.86124,237.8281,128.27867,155.87335,102.6732,174.70514,217.41467,151.04688,98.59553,122.705635,145.86833,105.69204,62.952682,453.219,362.5,544.768,353.49,550.634,402.563,596.34,484.658,692.24,450.314
238651_at,159.54254,126.01414,328.40118,166.73055,132.04224,264.26468,252.94154,88.91181,114.45978,69.43592,95.07845,164.91763,94.51766,424.474,461.777,415.989,456.165,568.486,393.159,532.041,535.488,520.864,281.076
238736_at,252.9979,202.7424,203.4078,209.0621,193.67369,172.86995,153.69217,135.74905,305.5878,121.67133,158.98886,244.95172,152.4983,682.944,563.184,588.817,397.298,516.565,409.071,330.556,362.439,584.557,418.974
238908_at,57.34688,175.78838,69.6174,45.9222,49.404736,95.42617,98.02559,74.20442,80.18162,56.383644,46.50778,70.31315,36.30713,158.896,220.809,206.66,245.915,95.6121,242.736,221.588,268.476,229.068,217.991
239049_at,157.31416,168.38632,387.1709,113.746346,213.13872,357.5861,177.123,113.17436,217.80228,48.18213,116.73943,107.83827,133.41895,382.32,405.46,561.63,440.248,589.339,519.888,622.764,516.862,404.161,509.135
239095_at,854.583,610.64166,433.44922,528.545,438.36813,228.12024,211.29291,521.83716,532.4386,386.95563,340.4667,430.65878,552.23083,1248.88,1229.98,969.635,1963.66,1790.87,1491.38,1540.26,1747.9,1042.62,870.594
239533_at,342.80878,370.6055,111.873634,286.40457,65.24761,193.36258,324.7115,212.15381,300.55612,173.09004,231.81564,257.0378,204.95679,1353.37,1271.23,919.504,1850.84,1524.03,2516.56,1412.96,2313.09,1873.25,1159.71
239971_at,48.70514,77.82434,14.767792,1.2752094,23.706055,62.420177,51.659904,0.8765132,10.66629,1.1275964,56.74472,33.985435,14.482248,106.006,93.8299,78.5865,148.432,125.179,112.427,88.3347,155.399,130.722,131.54
240180_at,113.9639,138.14319,175.79858,74.26155,63.37565,97.28279,213.98825,52.02683,80.35156,65.464195,113.59009,152.01393,49.460106,431.033,522.77,542.081,200.633,269.451,450.029,309.857,321.303,355.952,385.684
240239_at,33.07462,33.457092,81.95293,6.3690104,37.86905,60.5746,37.929817,47.5908,13.399887,2.3749824,45.890205,2.2064044,5.692832,73.8784,92.0298,119.175,104.28,106.353,95.8282,152.807,148.276,132.648,98.1988
241060_x_at,48.29857,65.982475,109.99798,71.627045,46.200813,120.54822,90.79367,58.693516,98.06338,43.645817,30.404871,126.03225,54.44136,668.508,379.004,578.987,331.008,444.77,365.347,316.167,654.496,443.335,499.064
241216_at,25.743124,146.25462,76.75102,3.9304569,40.76498,54.88591,47.949535,37.51996,20.599373,13.498757,105.50302,35.58007,32.218716,149.453,212.791,213.84,209.498,170.743,191.822,256.629,264.182,169.144,296.655
242066_at,2.539043,15.424494,7.2676296,2.708143,35.898235,9.412921,7.971913,4.203066,6.0763083,2.9136817,6.179386,4.89711,2.0693154,81.584,134.813,70.2579,78.1584,65.7207,201.581,83.0979,134.069,81.4261,121.215
242343_x_at,360.26422,458.49362,439.63052,550.8777,237.74727,920.9571,452.3642,243.95187,365.9256,63.517586,129.1792,542.92206,176.57603,1165.15,1228.19,1016.04,972.434,1417.7,1410.96,2162.11,1381.3,1165.79,1156.08
242498_x_at,6.869079,56.8768,58.844276,27.743507,27.074324,43.733585,82.50564,20.82437,41.858017,2.3793466,9.250857,33.537025,3.1901264,113.774,136.19,137.154,164.181,80.3138,178.243,179.442,152.777,260.475,116.416
242829_x_at,300.4793,395.63593,303.65875,208.66779,61.91417,212.57411,334.12006,104.04543,120.17172,42.164814,119.04514,203.65067,201.55928,506.322,673.626,1257,880.953,1410.73,808.071,1126.71,1746.87,1293.95,828.316
243664_at,83.99979,41.231373,23.545092,59.932514,41.919014,112.678,29.415857,53.57069,85.46332,52.584564,38.557293,65.5856,38.32483,150.403,140.604,222.384,161.067,160.964,167.102,220.386,179.137,205.746,77.4877
243713_at,7.994098,104.24571,99.45495,36.80708,20.478014,29.746933,107.14805,36.083096,57.395054,20.383904,65.38563,59.98473,6.5758047,154.917,147.222,156.81,195.504,116.321,159.643,154.751,249.77,192.104,157.803
243826_at,14.479304,52.644817,81.79868,2.1463408,24.188644,50.040504,75.4235,12.761956,23.23057,1.7483273,15.062315,57.82773,18.684256,158.132,134.679,151.869,153.222,225.986,221.601,170.635,227.904,291.908,119.185
243904_at,559.24005,521.8933,339.34778,435.27002,345.0165,602.9178,589.638,356.9929,514.2881,470.95502,356.40747,585.8916,409.5333,1200.2,1222.69,971.335,845.168,1879.18,1362.44,941.799,1901.38,1673.36,1233.62
243993_at,162.12863,81.39588,344.1221,179.0793,61.91265,284.81354,220.48521,153.94266,175.04164,79.273766,131.38745,311.44272,99.10017,628.935,445.458,559.774,552.179,605.516,425.849,725.888,611.2,412.212,443.186
244300_at,50.027943,47.330933,133.48714,64.00845,53.68387,67.31682,2.902593,39.965282,62.74213,49.880867,52.621033,63.055817,41.504005,217.602,375.161,342.913,203.58,172.506,402.125,334.351,370.354,348.506,213.183
244868_at,7.233442,25.472874,79.281586,22.769674,6.996523,35.454376,15.533517,2.9164453,3.6103787,11.200076,10.924355,8.024978,36.271656,95.9955,100.855,88.2327,117.095,56.3698,184.683,114.007,117.716,95.1204,154.61
36612_at,506.66714,666.22296,383.8258,373.3508,316.1218,571.7875,262.43912,484.16257,473.79626,395.54575,320.5257,335.07968,351.1933,1051.94,1132.37,1010.75,991.452,937.283,1176.14,1031.37,980.905,708.053,1183.65
38398_at,1099.7544,1276.0563,829.0797,1251.1598,776.11334,911.5251,1105.2284,999.1683,798.37225,1283.2018,1099.2426,1011.08856,1114.9894,814.604,654.215,486.431,504.48,445.682,479.932,531.781,384.35,399.497,459.913
AFFX-HSAC07/X00351_3_at,15498.531,18321.475,9087.825,16339.441,14209.359,16042.154,25157.016,16872.326,14025.889,17724.088,19120.527,22139.23,18741.3,4463.48,7940.93,5709.99,6663.31,5372.4,4721.95,4994.76,4948.37,4661.4,5673.65
